bonus_id,employee_id,bonus_type,bonus_amount,bonus_date
1,845,Holiday,4292.0,2024-11-25
2,254,Retention,4711.0,2025-01-15
3,363,Holiday,3174.0,2024-08-12
4,490,Performance,2455.0,2025-02-28
5,580,Performance,4242.0,2024-02-17
6,43,Performance,2630.0,2024-06-15
7,735,Performance,3719.0,2024-03-27
8,966,Retention,3378.0,2025-04-26
9,992,Retention,3816.0,2023-10-16
10,299,Retention,3571.0,2025-02-28
11,108,Retention,4816.0,2023-11-12
12,931,Retention,762.0,2023-11-01
13,644,Performance,2311.0,2024-01-04
14,659,Holiday,555.0,2024-01-11
15,430,Retention,2186.0,2024-11-07
16,236,Retention,2764.0,2024-10-18
17,367,Performance,3176.0,2024-02-09
18,124,Performance,3438.0,2024-08-19
19,695,Performance,4715.0,2024-02-15
20,947,Performance,3177.0,2025-04-24
21,982,Holiday,761.0,2023-12-17
22,253,Retention,2517.0,2023-10-16
23,762,Retention,4583.0,2023-11-10
24,116,Retention,4311.0,2023-07-07
25,285,Retention,4912.0,2023-08-08
26,665,Holiday,2566.0,2024-06-09
27,882,Retention,2504.0,2023-11-03
28,36,Holiday,3213.0,2024-07-11
29,429,Holiday,1857.0,2024-11-15
30,948,Holiday,1357.0,2024-11-12
31,246,Holiday,4746.0,2024-11-05
32,342,Holiday,3954.0,2023-09-30
33,807,Holiday,4964.0,2023-09-28
34,552,Performance,4828.0,2024-03-07
35,551,Holiday,1624.0,2024-04-06
36,867,Holiday,2423.0,2024-05-28
37,770,Holiday,1636.0,2023-11-18
38,668,Holiday,1186.0,2023-08-28
39,149,Holiday,1260.0,2024-01-17
40,283,Retention,844.0,2023-11-20
41,16,Holiday,1115.0,2023-10-24
42,817,Performance,3379.0,2024-08-27
43,654,Retention,799.0,2025-02-22
44,815,Holiday,4927.0,2024-07-10
45,539,Holiday,750.0,2023-08-18
46,483,Performance,1184.0,2024-06-19
47,890,Retention,4853.0,2024-09-11
48,680,Performance,2079.0,2024-06-20
49,345,Holiday,1819.0,2024-12-03
50,728,Retention,1687.0,2024-02-08
51,764,Retention,3631.0,2023-07-18
52,840,Performance,4177.0,2024-04-25
53,121,Retention,4249.0,2024-03-27
54,615,Holiday,990.0,2023-07-15
55,175,Retention,2813.0,2024-01-26
56,174,Retention,2047.0,2025-06-13
57,252,Retention,3820.0,2023-12-13
58,151,Performance,3315.0,2023-11-27
59,940,Retention,4312.0,2025-01-10
60,864,Performance,1878.0,2024-11-30
61,978,Holiday,3873.0,2023-08-27
62,982,Performance,1520.0,2025-06-01
63,595,Holiday,3518.0,2023-12-25
64,480,Retention,3176.0,2023-10-22
65,102,Holiday,758.0,2024-04-17
66,800,Holiday,3524.0,2025-03-04
67,304,Retention,4613.0,2025-04-29
68,140,Holiday,1470.0,2024-11-10
69,423,Performance,4694.0,2024-06-07
70,93,Retention,1936.0,2023-09-26
71,111,Retention,2119.0,2023-08-22
72,186,Retention,2546.0,2024-09-30
73,983,Retention,3835.0,2025-02-27
74,308,Holiday,526.0,2025-06-20
75,467,Performance,2121.0,2025-04-08
76,468,Holiday,751.0,2024-04-14
77,92,Performance,4599.0,2024-02-15
78,378,Retention,3901.0,2024-09-25
79,850,Holiday,1806.0,2024-08-24
80,623,Retention,951.0,2024-01-13
81,794,Holiday,3132.0,2024-10-29
82,312,Performance,2893.0,2025-03-06
83,798,Performance,4976.0,2025-04-07
84,723,Holiday,1784.0,2024-09-24
85,234,Retention,4514.0,2025-01-10
86,31,Holiday,1875.0,2024-11-06
87,741,Holiday,3797.0,2024-10-11
88,31,Retention,4713.0,2024-08-18
89,711,Holiday,1107.0,2024-07-11
90,174,Retention,3709.0,2024-05-26
91,95,Performance,2120.0,2025-01-11
92,670,Holiday,2649.0,2024-07-10
93,149,Retention,2775.0,2025-01-13
94,982,Retention,4595.0,2024-09-12
95,945,Retention,1955.0,2025-01-28
96,409,Performance,2909.0,2025-01-31
97,409,Retention,4625.0,2024-11-11
98,805,Performance,717.0,2025-05-17
99,836,Performance,4310.0,2023-11-05
100,374,Performance,3754.0,2024-12-25
101,446,Performance,1258.0,2023-12-18
102,972,Holiday,4902.0,2024-06-27
103,208,Retention,2257.0,2025-05-21
104,382,Holiday,2325.0,2023-08-06
105,976,Holiday,1099.0,2023-09-07
106,197,Holiday,3497.0,2024-12-14
107,396,Holiday,2478.0,2025-02-24
108,530,Performance,4718.0,2024-10-03
109,101,Retention,3662.0,2024-02-25
110,440,Holiday,3409.0,2025-01-06
111,453,Retention,2387.0,2023-11-01
112,941,Holiday,3489.0,2023-09-27
113,376,Performance,1145.0,2025-04-22
114,365,Retention,1544.0,2024-05-23
115,997,Performance,2605.0,2023-08-18
116,207,Performance,932.0,2025-03-31
117,431,Retention,3371.0,2024-06-29
118,876,Retention,3949.0,2023-10-22
119,178,Retention,1856.0,2025-04-03
120,277,Performance,2490.0,2024-04-27
121,518,Holiday,588.0,2023-11-08
122,415,Performance,2433.0,2025-04-19
123,226,Retention,3680.0,2024-10-31
124,976,Retention,4292.0,2023-08-03
125,253,Performance,3421.0,2025-01-04
126,158,Performance,3229.0,2024-08-05
127,176,Holiday,3321.0,2023-12-21
128,358,Holiday,3744.0,2024-07-17
129,162,Holiday,3690.0,2023-11-11
130,131,Retention,4244.0,2023-08-23
131,999,Holiday,2022.0,2024-10-19
132,609,Performance,812.0,2024-05-07
133,459,Holiday,2427.0,2024-12-09
134,923,Performance,582.0,2025-01-23
135,614,Holiday,4562.0,2024-11-19
136,234,Performance,1570.0,2023-11-08
137,972,Retention,2066.0,2023-11-01
138,680,Holiday,906.0,2024-03-06
139,398,Performance,4806.0,2024-01-22
140,657,Holiday,3865.0,2024-03-25
141,242,Retention,1214.0,2024-05-25
142,816,Retention,3334.0,2023-12-22
143,629,Holiday,2541.0,2024-02-02
144,618,Performance,4258.0,2023-11-05
145,86,Performance,948.0,2025-02-09
146,172,Retention,3123.0,2025-05-31
147,535,Holiday,4020.0,2024-08-08
148,877,Holiday,1664.0,2025-03-26
149,72,Holiday,2768.0,2024-09-03
150,736,Holiday,1735.0,2024-10-07
151,988,Retention,1614.0,2024-05-16
152,618,Retention,3281.0,2023-09-04
153,689,Holiday,3679.0,2024-12-17
154,519,Holiday,3096.0,2023-12-31
155,955,Holiday,4930.0,2023-11-08
156,592,Holiday,1917.0,2023-11-28
157,457,Holiday,1387.0,2025-04-07
158,418,Retention,1638.0,2024-08-05
159,833,Retention,680.0,2024-02-24
160,202,Retention,2179.0,2024-02-06
161,146,Performance,4261.0,2023-07-09
162,527,Holiday,2007.0,2024-11-27
163,787,Performance,3848.0,2024-10-09
164,694,Holiday,3145.0,2024-05-08
165,193,Retention,3839.0,2025-03-08
166,614,Performance,2083.0,2023-12-02
167,876,Holiday,2571.0,2024-02-02
168,590,Retention,4951.0,2024-03-02
169,788,Holiday,529.0,2025-01-24
170,210,Performance,4398.0,2024-09-29
171,346,Holiday,3342.0,2024-06-22
172,902,Retention,1734.0,2023-11-15
173,443,Holiday,3863.0,2024-10-15
174,564,Performance,1995.0,2024-01-03
175,908,Holiday,953.0,2024-07-22
176,477,Retention,2372.0,2023-07-09
177,897,Retention,3041.0,2023-08-25
178,778,Retention,2948.0,2024-10-26
179,133,Performance,1397.0,2025-05-23
180,409,Performance,1081.0,2024-08-29
181,792,Holiday,2797.0,2024-10-10
182,755,Performance,2945.0,2024-08-15
183,555,Retention,4689.0,2024-12-27
184,392,Performance,635.0,2024-05-22
185,482,Retention,3959.0,2023-08-07
186,92,Holiday,1819.0,2024-01-22
187,692,Retention,4710.0,2024-12-10
188,145,Holiday,3834.0,2025-01-03
189,807,Performance,4912.0,2024-03-04
190,689,Retention,574.0,2023-07-21
191,839,Holiday,3248.0,2023-07-09
192,324,Retention,3084.0,2025-06-15
193,775,Performance,2515.0,2025-03-02
194,266,Holiday,2589.0,2025-03-31
195,164,Performance,2365.0,2024-06-28
196,149,Holiday,4595.0,2024-12-16
197,421,Holiday,1749.0,2024-12-08
198,53,Retention,3528.0,2024-04-24
199,879,Performance,3240.0,2024-11-06
200,103,Performance,737.0,2025-01-03
201,160,Holiday,975.0,2024-04-30
202,254,Retention,544.0,2023-12-12
203,695,Performance,1005.0,2024-05-06
204,162,Performance,4482.0,2024-12-28
205,616,Performance,1642.0,2024-10-10
206,304,Holiday,2047.0,2024-04-07
207,963,Holiday,4653.0,2023-10-12
208,97,Retention,3347.0,2024-05-11
209,42,Holiday,1219.0,2025-02-04
210,986,Performance,3194.0,2024-02-13
211,303,Holiday,4426.0,2024-04-03
212,900,Performance,1985.0,2024-04-03
213,513,Retention,2668.0,2023-08-18
214,852,Holiday,1364.0,2024-04-09
215,77,Holiday,3381.0,2023-10-26
216,297,Performance,2972.0,2025-01-13
217,348,Performance,2965.0,2025-03-19
218,855,Holiday,3259.0,2023-08-20
219,394,Performance,1862.0,2024-11-08
220,168,Retention,3577.0,2025-04-12
221,46,Holiday,952.0,2024-04-01
222,429,Holiday,2222.0,2024-10-05
223,443,Holiday,2197.0,2024-08-03
224,169,Holiday,2488.0,2023-12-19
225,323,Holiday,890.0,2024-12-06
226,2,Performance,3866.0,2024-04-13
227,483,Performance,3275.0,2023-07-28
228,671,Performance,3191.0,2023-09-14
229,732,Holiday,2980.0,2025-05-26
230,902,Holiday,3055.0,2024-12-27
231,160,Performance,3983.0,2023-12-10
232,18,Holiday,3016.0,2025-03-08
233,516,Performance,1058.0,2023-10-14
234,925,Retention,2457.0,2024-04-11
235,167,Holiday,3531.0,2023-10-29
236,593,Retention,505.0,2023-12-06
237,447,Holiday,1423.0,2023-09-17
238,686,Performance,4234.0,2024-07-09
239,41,Performance,4894.0,2024-12-19
240,247,Retention,1833.0,2025-01-10
241,746,Holiday,3525.0,2023-12-26
242,83,Retention,2775.0,2023-11-17
243,613,Retention,1990.0,2024-04-22
244,486,Retention,1355.0,2023-11-12
245,585,Retention,1448.0,2023-06-29
246,866,Retention,4928.0,2024-04-12
247,553,Retention,4145.0,2024-07-19
248,766,Retention,1658.0,2023-08-05
249,539,Retention,3565.0,2024-10-08
250,783,Retention,4810.0,2024-10-25
251,321,Retention,3645.0,2023-07-13
252,920,Performance,1533.0,2025-03-29
253,361,Holiday,2485.0,2025-06-23
254,418,Holiday,4750.0,2023-09-06
255,47,Retention,773.0,2024-06-23
256,183,Retention,3930.0,2025-01-09
257,171,Retention,3869.0,2023-11-06
258,169,Retention,3813.0,2024-09-04
259,66,Holiday,2362.0,2024-09-13
260,150,Retention,2222.0,2025-03-16
261,728,Holiday,1990.0,2025-03-18
262,510,Retention,2335.0,2024-12-14
263,42,Retention,2206.0,2025-02-09
264,670,Performance,2730.0,2024-06-18
265,41,Retention,904.0,2023-07-09
266,373,Retention,2086.0,2025-05-17
267,700,Retention,4154.0,2023-11-15
268,531,Performance,1422.0,2024-01-10
269,835,Holiday,2812.0,2025-05-06
270,207,Performance,1886.0,2024-06-25
271,99,Holiday,3410.0,2025-02-08
272,821,Retention,4265.0,2024-07-22
273,317,Holiday,1704.0,2024-01-18
274,803,Performance,575.0,2024-08-04
275,892,Retention,1024.0,2025-01-15
276,433,Holiday,4216.0,2023-12-05
277,703,Performance,3949.0,2024-03-23
278,300,Holiday,1903.0,2024-10-11
279,193,Holiday,776.0,2025-04-18
280,108,Retention,1560.0,2024-05-12
281,645,Retention,2805.0,2024-07-26
282,507,Retention,3349.0,2025-02-25
283,457,Holiday,1076.0,2023-08-18
284,695,Performance,4946.0,2023-09-01
285,386,Holiday,3217.0,2025-01-08
286,999,Holiday,3718.0,2024-09-05
287,141,Holiday,4252.0,2024-07-31
288,403,Retention,2852.0,2023-08-27
289,252,Retention,3054.0,2024-05-19
290,757,Performance,796.0,2024-11-02
291,169,Performance,3436.0,2024-04-07
292,897,Holiday,1742.0,2024-08-01
293,667,Performance,4877.0,2024-07-31
294,654,Holiday,2045.0,2023-12-17
295,16,Performance,1293.0,2023-08-08
296,945,Retention,2115.0,2023-08-14
297,124,Performance,3891.0,2024-06-01
298,269,Retention,1646.0,2024-04-19
299,144,Performance,2396.0,2025-02-01
300,366,Holiday,4996.0,2024-06-23
301,459,Holiday,4197.0,2025-03-16
302,381,Performance,2834.0,2024-07-26
303,241,Holiday,4628.0,2025-03-30
304,793,Performance,4361.0,2024-02-15
305,222,Performance,3808.0,2025-05-01
306,101,Retention,4941.0,2025-05-01
307,40,Retention,1122.0,2024-10-11
308,105,Holiday,3295.0,2024-02-10
309,569,Holiday,4912.0,2024-11-07
310,84,Holiday,1274.0,2023-11-08
311,638,Performance,4559.0,2025-02-18
312,276,Performance,3570.0,2023-10-01
313,922,Retention,1507.0,2024-11-17
314,973,Retention,4077.0,2025-01-07
315,36,Performance,4162.0,2023-07-20
316,718,Retention,4563.0,2025-01-22
317,642,Performance,3947.0,2023-10-17
318,95,Holiday,2905.0,2025-02-18
319,18,Performance,3223.0,2024-12-16
320,723,Retention,3239.0,2023-10-26
321,280,Retention,4514.0,2024-02-09
322,203,Retention,4179.0,2023-07-27
323,583,Performance,4594.0,2024-03-03
324,73,Performance,2791.0,2024-09-07
325,251,Retention,4442.0,2024-04-24
326,817,Holiday,2543.0,2025-02-20
327,96,Retention,3167.0,2024-05-17
328,493,Performance,3247.0,2023-10-28
329,547,Retention,2064.0,2023-07-22
330,507,Performance,3279.0,2023-10-28
331,219,Retention,1401.0,2024-05-24
332,219,Holiday,4238.0,2023-08-14
333,915,Performance,4369.0,2024-10-17
334,267,Retention,586.0,2024-03-06
335,30,Performance,1654.0,2025-05-31
336,250,Retention,3167.0,2024-08-09
337,679,Performance,2061.0,2024-06-26
338,656,Holiday,2881.0,2024-09-03
339,486,Retention,3929.0,2024-11-03
340,245,Holiday,2436.0,2025-01-15
341,891,Holiday,1174.0,2025-05-22
342,163,Performance,3679.0,2024-03-14
343,351,Performance,567.0,2024-07-30
344,986,Retention,754.0,2024-12-12
345,865,Performance,3618.0,2025-05-03
346,296,Holiday,2103.0,2023-10-27
347,525,Holiday,1380.0,2023-10-13
348,94,Retention,4912.0,2023-06-28
349,167,Performance,3429.0,2025-03-19
350,250,Retention,3008.0,2024-07-05
351,903,Holiday,2097.0,2023-11-11
352,693,Performance,3694.0,2023-12-23
353,174,Holiday,4238.0,2025-03-01
354,710,Performance,3920.0,2023-06-25
355,643,Holiday,1193.0,2024-12-14
356,615,Retention,2900.0,2025-01-24
357,131,Performance,1889.0,2024-02-25
358,828,Holiday,860.0,2023-11-24
359,432,Holiday,1278.0,2024-07-14
360,413,Holiday,4943.0,2025-03-04
361,541,Performance,2865.0,2024-08-20
362,188,Performance,4672.0,2025-06-10
363,16,Retention,3354.0,2024-09-11
364,300,Retention,4552.0,2024-07-17
365,493,Performance,1144.0,2024-01-30
366,513,Holiday,4967.0,2024-12-16
367,639,Retention,918.0,2024-10-06
368,288,Holiday,4111.0,2023-11-20
369,175,Retention,2524.0,2023-08-12
370,14,Holiday,885.0,2023-12-01
371,953,Holiday,4144.0,2024-01-16
372,950,Performance,1467.0,2023-12-03
373,105,Performance,3904.0,2023-09-30
374,142,Performance,3858.0,2025-04-16
375,918,Holiday,2528.0,2025-03-14
376,657,Performance,3477.0,2025-06-20
377,188,Performance,1007.0,2024-08-21
378,134,Retention,1683.0,2023-06-25
379,614,Holiday,2384.0,2024-01-12
380,560,Performance,2563.0,2023-09-05
381,955,Performance,544.0,2024-06-30
382,3,Holiday,1376.0,2024-05-24
383,583,Retention,3283.0,2024-09-28
384,209,Performance,990.0,2024-09-21
385,562,Performance,2808.0,2024-03-04
386,652,Retention,1513.0,2024-07-27
387,333,Retention,3414.0,2024-10-12
388,96,Performance,3167.0,2024-12-07
389,844,Retention,4656.0,2023-11-24
390,927,Performance,2572.0,2025-03-09
391,282,Holiday,4310.0,2023-07-10
392,941,Performance,4966.0,2024-07-21
393,300,Holiday,3372.0,2025-02-13
394,823,Retention,2493.0,2025-05-16
395,50,Holiday,935.0,2025-02-07
396,129,Holiday,4432.0,2024-12-22
397,756,Performance,3017.0,2025-06-11
398,941,Retention,1126.0,2024-01-13
399,120,Performance,4547.0,2024-01-23
400,52,Performance,3582.0,2023-09-15
401,973,Performance,3073.0,2024-02-12
402,429,Holiday,3581.0,2024-12-25
403,672,Performance,4173.0,2024-04-28
404,998,Performance,4861.0,2023-06-29
405,108,Performance,4937.0,2024-08-01
406,279,Retention,709.0,2025-02-05
407,504,Retention,1284.0,2024-04-22
408,368,Performance,1537.0,2025-04-29
409,985,Performance,2189.0,2023-08-25
410,38,Performance,1075.0,2023-11-02
411,575,Holiday,3802.0,2024-01-01
412,468,Performance,3159.0,2023-12-19
413,520,Retention,2173.0,2023-10-22
414,653,Retention,2222.0,2024-02-24
415,451,Holiday,4814.0,2024-07-31
416,209,Performance,542.0,2024-04-15
417,865,Retention,720.0,2023-12-21
418,245,Holiday,662.0,2024-05-01
419,807,Retention,1529.0,2025-02-16
420,34,Retention,2016.0,2024-05-22
421,298,Retention,3477.0,2024-02-27
422,907,Performance,969.0,2024-03-23
423,495,Holiday,4285.0,2024-01-01
424,984,Retention,2446.0,2024-11-13
425,524,Retention,3208.0,2024-01-30
426,323,Holiday,3451.0,2024-02-06
427,148,Retention,1310.0,2024-04-07
428,952,Performance,4099.0,2023-10-29
429,50,Holiday,1485.0,2023-07-15
430,962,Retention,2191.0,2025-04-25
431,999,Performance,2002.0,2025-03-14
432,618,Retention,1281.0,2023-08-12
433,564,Performance,3419.0,2024-04-23
434,292,Performance,2766.0,2024-06-09
435,724,Holiday,770.0,2023-12-13
436,873,Holiday,3614.0,2023-12-23
437,805,Holiday,3073.0,2024-03-13
438,158,Performance,4598.0,2024-09-06
439,940,Retention,1661.0,2023-09-25
440,434,Retention,2112.0,2023-10-17
441,251,Performance,4929.0,2024-04-03
442,599,Retention,1627.0,2023-11-06
443,485,Retention,2710.0,2024-03-31
444,94,Performance,705.0,2025-03-14
445,156,Holiday,4570.0,2025-06-03
446,248,Performance,3562.0,2024-11-05
447,863,Retention,917.0,2024-09-21
448,241,Retention,4072.0,2023-12-21
449,557,Holiday,755.0,2024-05-03
450,706,Retention,567.0,2024-11-21
451,682,Retention,1391.0,2023-12-31
452,229,Performance,646.0,2023-12-27
453,370,Performance,937.0,2024-07-16
454,882,Retention,4362.0,2025-04-22
455,50,Retention,2506.0,2023-07-27
456,264,Retention,1597.0,2024-05-21
457,342,Holiday,2316.0,2024-11-14
458,451,Performance,577.0,2023-08-07
459,582,Retention,2606.0,2024-03-15
460,459,Holiday,3577.0,2024-12-22
461,425,Holiday,2558.0,2025-05-08
462,978,Performance,1351.0,2024-07-18
463,19,Holiday,4453.0,2025-05-28
464,642,Holiday,2005.0,2023-08-10
465,650,Performance,1294.0,2025-01-27
466,65,Performance,2594.0,2024-04-07
467,438,Retention,618.0,2024-11-30
468,116,Retention,4571.0,2023-09-09
469,288,Retention,3013.0,2024-01-16
470,226,Retention,1467.0,2025-01-04
471,685,Performance,1583.0,2024-10-30
472,638,Retention,528.0,2025-04-08
473,164,Performance,1242.0,2023-06-26
474,825,Retention,2920.0,2025-01-27
475,533,Holiday,3823.0,2024-10-11
476,995,Performance,1597.0,2024-12-25
477,236,Retention,2182.0,2023-06-30
478,819,Holiday,4005.0,2024-02-05
479,633,Retention,4002.0,2024-06-05
480,257,Performance,4810.0,2025-01-30
481,25,Retention,3779.0,2024-06-11
482,387,Performance,3267.0,2023-12-03
483,119,Performance,1138.0,2023-08-05
484,213,Holiday,4078.0,2024-04-09
485,140,Retention,1969.0,2024-04-23
486,120,Performance,4446.0,2025-03-20
487,55,Holiday,1092.0,2025-05-01
488,500,Performance,3820.0,2024-08-22
489,569,Performance,2323.0,2025-03-10
490,103,Holiday,4753.0,2024-04-15
491,289,Retention,3954.0,2023-09-09
492,684,Holiday,2660.0,2023-09-21
493,968,Retention,1542.0,2024-05-17
494,43,Holiday,3161.0,2025-03-08
495,115,Holiday,3208.0,2024-11-21
496,968,Holiday,2134.0,2023-09-04
497,84,Performance,3385.0,2025-03-24
498,168,Retention,792.0,2023-12-19
499,806,Holiday,1012.0,2023-10-15
500,973,Holiday,4760.0,2024-09-02
501,559,Retention,570.0,2025-02-23
502,406,Retention,1537.0,2024-04-15
503,901,Retention,1289.0,2025-05-13
504,773,Holiday,2283.0,2024-10-29
505,680,Holiday,2845.0,2023-12-09
506,10,Retention,4402.0,2023-07-08
507,976,Holiday,763.0,2025-01-06
508,27,Holiday,911.0,2025-02-13
509,242,Holiday,4826.0,2024-10-20
510,849,Holiday,4297.0,2024-01-16
511,294,Performance,2227.0,2023-08-21
512,663,Holiday,1487.0,2024-09-05
513,465,Retention,3257.0,2023-10-08
514,172,Holiday,2745.0,2024-01-29
515,68,Holiday,4351.0,2024-01-19
516,995,Retention,2512.0,2025-01-08
517,575,Performance,2800.0,2023-10-28
518,733,Performance,1241.0,2025-06-15
519,489,Performance,832.0,2023-07-22
520,311,Performance,1400.0,2023-08-23
521,385,Holiday,4523.0,2024-04-14
522,122,Retention,2818.0,2023-12-30
523,783,Performance,3074.0,2023-08-16
524,64,Performance,651.0,2023-12-03
525,505,Performance,3205.0,2024-04-16
526,419,Performance,683.0,2025-03-09
527,863,Retention,2489.0,2025-02-12
528,242,Holiday,4444.0,2024-06-03
529,775,Holiday,4756.0,2023-07-10
530,774,Retention,2015.0,2023-07-18
531,645,Holiday,2452.0,2025-01-21
532,493,Performance,3249.0,2024-04-14
533,732,Retention,941.0,2024-01-14
534,998,Retention,733.0,2023-12-07
535,789,Holiday,628.0,2025-04-28
536,759,Holiday,4877.0,2023-08-12
537,553,Retention,3983.0,2024-09-10
538,517,Retention,2918.0,2023-09-12
539,773,Retention,638.0,2024-09-10
540,74,Retention,1190.0,2024-08-13
541,619,Holiday,642.0,2025-05-30
542,539,Holiday,707.0,2024-01-08
543,15,Performance,850.0,2023-09-09
544,886,Holiday,705.0,2024-06-16
545,916,Retention,2653.0,2024-05-25
546,505,Retention,3856.0,2024-03-03
547,993,Holiday,733.0,2023-12-02
548,971,Holiday,2799.0,2024-08-14
549,976,Holiday,4810.0,2024-04-15
550,508,Holiday,3826.0,2024-03-05
551,420,Retention,4950.0,2023-07-20
552,224,Holiday,4385.0,2024-05-22
553,366,Holiday,1932.0,2025-04-12
554,865,Retention,3361.0,2023-06-28
555,231,Performance,1461.0,2024-05-18
556,592,Performance,3322.0,2025-01-18
557,156,Holiday,4885.0,2024-07-22
558,750,Retention,2904.0,2024-07-19
559,398,Retention,4264.0,2024-10-06
560,459,Holiday,716.0,2024-10-19
561,648,Retention,1495.0,2025-02-13
562,839,Retention,3954.0,2023-07-01
563,25,Retention,4860.0,2023-08-04
564,380,Holiday,3233.0,2023-07-01
565,428,Performance,904.0,2023-12-19
566,728,Holiday,1730.0,2024-02-01
567,285,Holiday,3253.0,2024-10-25
568,210,Retention,2356.0,2025-04-07
569,588,Retention,856.0,2023-12-06
570,14,Retention,4603.0,2025-06-23
571,572,Holiday,4945.0,2023-07-07
572,148,Retention,4207.0,2024-02-18
573,804,Holiday,4808.0,2023-09-18
574,688,Performance,1768.0,2024-12-06
575,409,Retention,3976.0,2023-12-14
576,725,Performance,2371.0,2024-05-19
577,430,Performance,4642.0,2024-10-16
578,770,Performance,2486.0,2025-02-10
579,739,Holiday,4504.0,2023-12-31
580,125,Retention,4716.0,2024-02-14
581,161,Retention,2667.0,2024-09-02
582,644,Holiday,4524.0,2024-04-04
583,334,Holiday,4033.0,2024-07-13
584,699,Retention,3344.0,2025-04-04
585,129,Retention,4286.0,2024-04-25
586,336,Holiday,1423.0,2024-09-16
587,937,Holiday,1539.0,2024-11-26
588,149,Holiday,2988.0,2024-11-01
589,409,Performance,2138.0,2024-03-29
590,209,Holiday,3189.0,2024-12-30
591,741,Performance,804.0,2023-07-03
592,14,Retention,736.0,2025-01-21
593,718,Performance,3644.0,2023-07-15
594,557,Holiday,2452.0,2023-08-18
595,458,Retention,1264.0,2024-10-05
596,800,Performance,3944.0,2025-02-09
597,169,Holiday,3525.0,2024-01-18
598,781,Retention,4642.0,2024-09-16
599,295,Holiday,2592.0,2024-01-29
600,434,Retention,587.0,2024-05-26
601,743,Performance,3103.0,2025-04-09
602,482,Performance,3828.0,2024-08-03
603,783,Holiday,1502.0,2024-11-13
604,126,Retention,2215.0,2023-10-26
605,124,Performance,4688.0,2024-06-03
606,116,Performance,1362.0,2024-05-07
607,835,Retention,814.0,2024-04-29
608,248,Performance,1413.0,2025-06-18
609,90,Performance,1206.0,2024-02-12
610,196,Retention,3053.0,2024-10-17
611,895,Retention,4561.0,2025-05-07
612,592,Performance,2685.0,2024-01-15
613,192,Performance,629.0,2023-07-11
614,717,Holiday,2134.0,2024-01-14
615,474,Holiday,1038.0,2025-03-06
616,487,Holiday,3479.0,2025-01-02
617,36,Retention,2090.0,2024-04-03
618,73,Performance,4404.0,2025-02-13
619,753,Performance,1438.0,2023-11-11
620,910,Retention,4169.0,2024-03-06
621,522,Performance,600.0,2024-03-10
622,115,Performance,1257.0,2024-06-16
623,406,Performance,1652.0,2024-03-26
624,381,Retention,2896.0,2024-06-04
625,901,Performance,805.0,2024-08-23
626,123,Holiday,2376.0,2024-12-07
627,212,Holiday,3700.0,2024-05-25
628,638,Retention,3373.0,2023-11-12
629,803,Retention,4876.0,2025-02-01
630,229,Performance,1472.0,2024-12-29
631,838,Retention,1769.0,2025-02-16
632,302,Retention,4198.0,2024-07-08
633,368,Holiday,4198.0,2025-06-12
634,875,Performance,3477.0,2025-06-10
635,700,Retention,3264.0,2025-02-14
636,385,Retention,619.0,2024-03-19
637,744,Performance,3590.0,2024-02-08
638,660,Retention,4307.0,2023-11-15
639,372,Holiday,2825.0,2023-11-18
640,93,Retention,1364.0,2024-09-12
641,971,Retention,3435.0,2024-09-03
642,764,Performance,4894.0,2024-07-03
643,747,Retention,950.0,2023-11-05
644,776,Holiday,3929.0,2025-05-30
645,359,Performance,2514.0,2024-05-13
646,724,Performance,4853.0,2025-04-30
647,491,Retention,1580.0,2023-07-07
648,968,Retention,4044.0,2025-02-03
649,246,Retention,2724.0,2024-11-07
650,158,Performance,4917.0,2023-06-28
651,486,Holiday,909.0,2024-06-25
652,579,Retention,3789.0,2023-10-25
653,149,Retention,3997.0,2023-12-30
654,122,Performance,592.0,2024-08-10
655,890,Performance,2151.0,2023-12-26
656,991,Retention,1585.0,2024-06-07
657,585,Retention,3207.0,2024-06-24
658,285,Holiday,1697.0,2025-01-20
659,686,Holiday,3214.0,2024-10-05
660,942,Retention,3275.0,2024-04-27
661,217,Holiday,3358.0,2023-10-04
662,94,Performance,3751.0,2024-12-09
663,520,Retention,4397.0,2024-05-04
664,471,Retention,2127.0,2025-02-01
665,947,Retention,1109.0,2025-06-10
666,489,Performance,2644.0,2023-08-13
667,477,Retention,2530.0,2024-08-02
668,802,Retention,3979.0,2023-07-08
669,569,Holiday,3808.0,2024-08-14
670,585,Retention,2766.0,2024-03-29
671,44,Performance,3192.0,2024-01-07
672,129,Retention,1934.0,2024-07-30
673,1000,Performance,1130.0,2024-07-20
674,241,Performance,4947.0,2024-03-06
675,712,Retention,4940.0,2023-10-27
676,482,Holiday,4670.0,2024-05-18
677,103,Holiday,1308.0,2024-03-05
678,340,Performance,4185.0,2024-01-03
679,93,Performance,1489.0,2025-01-08
680,650,Holiday,1696.0,2023-08-29
681,899,Holiday,2917.0,2024-05-30
682,770,Performance,4196.0,2023-07-17
683,136,Retention,4675.0,2024-11-07
684,267,Retention,1574.0,2025-05-16
685,705,Retention,2055.0,2023-09-07
686,840,Retention,1103.0,2024-10-24
687,43,Retention,814.0,2024-04-05
688,317,Holiday,4443.0,2025-03-28
689,241,Holiday,4740.0,2023-07-27
690,638,Performance,3488.0,2024-02-25
691,753,Holiday,2253.0,2024-05-02
692,437,Retention,1634.0,2025-01-09
693,75,Retention,2402.0,2023-09-13
694,654,Holiday,2990.0,2024-09-20
695,212,Holiday,1714.0,2023-11-01
696,162,Holiday,3428.0,2024-10-29
697,110,Performance,3508.0,2024-12-20
698,995,Retention,5000.0,2023-09-02
699,431,Performance,2189.0,2024-05-14
700,945,Holiday,3596.0,2024-08-24
701,192,Performance,3764.0,2024-05-20
702,909,Holiday,1720.0,2023-09-18
703,45,Holiday,693.0,2024-05-19
704,267,Holiday,3130.0,2024-04-14
705,840,Retention,1903.0,2023-11-14
706,736,Retention,2236.0,2024-04-26
707,879,Retention,1056.0,2023-08-22
708,718,Performance,2036.0,2024-05-18
709,25,Holiday,3423.0,2024-03-02
710,403,Holiday,1035.0,2024-09-16
711,893,Performance,1350.0,2024-05-14
712,719,Retention,2426.0,2023-10-15
713,99,Performance,3836.0,2024-02-25
714,852,Performance,2054.0,2023-12-16
715,759,Holiday,2054.0,2024-04-16
716,9,Performance,1983.0,2024-07-20
717,13,Holiday,1841.0,2024-05-01
718,55,Retention,3404.0,2023-11-26
719,441,Performance,3461.0,2023-09-04
720,435,Retention,612.0,2025-05-12
721,420,Holiday,3379.0,2025-04-01
722,332,Holiday,3980.0,2023-11-17
723,382,Holiday,4034.0,2024-02-25
724,712,Holiday,1516.0,2023-06-26
725,883,Retention,4658.0,2024-07-08
726,573,Retention,1507.0,2024-12-21
727,631,Retention,4945.0,2024-04-12
728,985,Holiday,1172.0,2024-05-14
729,244,Performance,3005.0,2024-11-28
730,79,Holiday,2759.0,2024-04-23
731,196,Holiday,1623.0,2025-05-09
732,287,Performance,4404.0,2024-07-24
733,828,Holiday,4988.0,2024-07-06
734,884,Retention,1272.0,2024-05-26
735,107,Retention,2971.0,2023-10-01
736,95,Performance,2614.0,2024-06-08
737,249,Retention,3148.0,2025-06-09
738,601,Retention,2897.0,2024-03-03
739,676,Performance,1344.0,2024-01-16
740,544,Retention,4976.0,2025-05-21
741,462,Holiday,3460.0,2023-10-29
742,134,Holiday,1388.0,2024-12-02
743,398,Holiday,1348.0,2024-09-10
744,63,Performance,4084.0,2024-08-23
745,333,Retention,2850.0,2025-01-17
746,415,Retention,4457.0,2023-12-20
747,880,Performance,632.0,2025-03-20
748,854,Retention,765.0,2024-11-13
749,243,Holiday,3193.0,2025-02-10
750,249,Retention,1759.0,2023-11-08
751,906,Holiday,4371.0,2023-08-21
752,761,Performance,2760.0,2024-04-16
753,845,Performance,705.0,2023-11-11
754,864,Holiday,1628.0,2024-06-25
755,859,Performance,4032.0,2025-06-19
756,664,Retention,3911.0,2023-11-06
757,337,Holiday,2157.0,2023-11-29
758,251,Holiday,1173.0,2025-05-05
759,658,Holiday,4047.0,2024-02-16
760,769,Performance,1576.0,2025-01-15
761,181,Retention,1862.0,2024-11-19
762,257,Retention,2676.0,2024-04-20
763,741,Holiday,3781.0,2025-03-25
764,944,Holiday,1990.0,2025-04-14
765,109,Holiday,4336.0,2025-04-22
766,195,Performance,4277.0,2023-10-21
767,481,Retention,2534.0,2023-10-29
768,660,Holiday,1042.0,2024-10-29
769,677,Performance,3102.0,2025-02-27
770,913,Retention,3108.0,2023-07-31
771,992,Retention,2393.0,2023-10-28
772,991,Performance,2003.0,2023-11-28
773,720,Holiday,3184.0,2023-09-18
774,914,Retention,4956.0,2023-08-17
775,463,Performance,3320.0,2025-06-03
776,90,Holiday,1374.0,2024-02-07
777,985,Retention,2897.0,2024-03-18
778,106,Performance,4838.0,2024-06-21
779,622,Retention,568.0,2023-11-05
780,504,Performance,4489.0,2024-07-23
781,461,Performance,1880.0,2023-08-25
782,651,Retention,2463.0,2024-05-30
783,943,Retention,1932.0,2024-09-11
784,413,Performance,1606.0,2023-11-30
785,949,Retention,2525.0,2024-05-16
786,471,Holiday,3518.0,2024-05-02
787,819,Retention,4551.0,2025-05-23
788,65,Retention,4603.0,2024-04-10
789,341,Performance,2221.0,2023-09-30
790,477,Performance,648.0,2024-09-27
791,767,Holiday,507.0,2024-07-29
792,151,Holiday,2177.0,2024-10-12
793,74,Performance,4006.0,2024-04-13
794,829,Retention,4718.0,2023-09-13
795,19,Performance,3830.0,2023-11-15
796,366,Holiday,3314.0,2023-12-17
797,759,Performance,2538.0,2024-07-07
798,766,Holiday,1726.0,2024-05-28
799,871,Holiday,1801.0,2024-04-21
800,304,Holiday,4104.0,2023-07-17
801,527,Performance,708.0,2024-01-04
802,956,Holiday,3852.0,2023-10-23
803,684,Retention,981.0,2024-05-06
804,637,Performance,3283.0,2025-01-02
805,226,Holiday,4661.0,2024-08-15
806,562,Holiday,1085.0,2025-05-06
807,592,Performance,1692.0,2024-07-01
808,334,Retention,1873.0,2025-03-22
809,355,Retention,1598.0,2023-11-08
810,20,Holiday,3247.0,2023-09-21
811,949,Holiday,1609.0,2025-04-24
812,877,Performance,3061.0,2024-08-11
813,106,Holiday,823.0,2024-07-22
814,687,Performance,4803.0,2025-02-23
815,670,Holiday,755.0,2024-11-27
816,370,Retention,1328.0,2024-01-07
817,892,Holiday,3770.0,2024-05-28
818,373,Retention,1791.0,2024-07-28
819,106,Retention,1726.0,2024-05-18
820,713,Holiday,2702.0,2024-10-17
821,790,Performance,3474.0,2024-02-14
822,734,Holiday,4520.0,2024-12-16
823,571,Retention,3256.0,2023-10-09
824,521,Performance,2353.0,2024-02-07
825,813,Holiday,2062.0,2024-08-12
826,377,Retention,711.0,2024-05-01
827,74,Performance,1016.0,2024-04-18
828,956,Holiday,2400.0,2023-07-17
829,643,Holiday,1246.0,2024-01-30
830,414,Holiday,2372.0,2025-02-04
831,2,Retention,3740.0,2025-04-24
832,177,Retention,3535.0,2024-07-29
833,830,Holiday,2052.0,2023-07-21
834,893,Retention,2995.0,2024-09-24
835,881,Performance,1192.0,2025-04-14
836,328,Holiday,851.0,2024-07-25
837,171,Holiday,1060.0,2024-01-05
838,818,Holiday,4400.0,2023-12-21
839,153,Retention,2702.0,2023-08-09
840,395,Performance,4873.0,2025-01-01
841,957,Performance,1974.0,2025-04-16
842,901,Holiday,1542.0,2024-06-21
843,975,Retention,3775.0,2025-02-13
844,14,Performance,4135.0,2024-08-21
845,594,Performance,1000.0,2023-09-02
846,585,Performance,1896.0,2024-09-26
847,811,Retention,4895.0,2024-09-25
848,553,Holiday,1859.0,2024-09-07
849,741,Performance,692.0,2024-04-02
850,846,Holiday,4289.0,2023-07-27
851,547,Holiday,3330.0,2025-02-16
852,938,Retention,4355.0,2024-08-03
853,68,Holiday,4538.0,2025-01-01
854,819,Holiday,4324.0,2024-09-12
855,414,Retention,1640.0,2023-10-24
856,894,Holiday,4024.0,2025-05-11
857,35,Holiday,2716.0,2023-12-11
858,37,Holiday,2172.0,2023-12-24
859,59,Retention,3041.0,2024-12-02
860,310,Holiday,3279.0,2024-05-23
861,946,Performance,2526.0,2024-02-27
862,151,Holiday,3953.0,2024-01-11
863,66,Performance,3796.0,2023-07-22
864,190,Retention,4146.0,2023-12-29
865,272,Retention,792.0,2024-10-11
866,567,Holiday,593.0,2025-06-10
867,480,Performance,583.0,2025-02-26
868,356,Holiday,938.0,2024-07-31
869,258,Performance,2613.0,2024-02-19
870,846,Performance,2726.0,2023-08-13
871,957,Holiday,3147.0,2025-02-05
872,815,Retention,3617.0,2023-12-31
873,451,Performance,3195.0,2024-09-27
874,235,Performance,4727.0,2024-02-26
875,312,Retention,933.0,2023-11-15
876,789,Performance,2708.0,2024-05-01
877,418,Holiday,757.0,2024-02-23
878,337,Performance,4275.0,2023-08-19
879,802,Performance,4204.0,2024-01-11
880,128,Retention,3230.0,2024-11-07
881,933,Retention,2212.0,2024-02-12
882,149,Performance,3285.0,2024-12-17
883,47,Holiday,765.0,2024-02-28
884,708,Performance,552.0,2025-02-20
885,904,Retention,2132.0,2025-01-22
886,208,Performance,1536.0,2023-09-01
887,744,Performance,993.0,2024-08-09
888,912,Retention,4375.0,2024-03-02
889,12,Retention,1366.0,2023-07-17
890,427,Holiday,4127.0,2024-09-24
891,86,Holiday,2412.0,2025-06-17
892,454,Retention,867.0,2024-08-11
893,643,Retention,4329.0,2024-02-06
894,336,Holiday,4105.0,2024-11-11
895,513,Performance,3489.0,2024-06-21
896,637,Holiday,4423.0,2024-06-21
897,234,Retention,2243.0,2023-09-07
898,744,Performance,2943.0,2025-04-28
899,277,Performance,3303.0,2025-06-09
900,804,Performance,3243.0,2024-06-07
901,943,Holiday,4762.0,2025-02-16
902,163,Performance,2376.0,2024-06-26
903,794,Retention,873.0,2023-07-31
904,408,Retention,1972.0,2023-07-06
905,269,Holiday,4647.0,2023-10-10
906,193,Performance,4790.0,2024-05-07
907,865,Retention,1169.0,2023-11-08
908,204,Retention,2186.0,2025-03-17
909,848,Retention,1676.0,2025-05-17
910,134,Performance,1569.0,2023-09-19
911,513,Performance,3692.0,2023-06-26
912,541,Holiday,4792.0,2023-12-26
913,988,Holiday,2507.0,2024-04-26
914,62,Holiday,1606.0,2025-01-28
915,358,Retention,1322.0,2024-05-09
916,430,Performance,4940.0,2025-06-21
917,617,Performance,3159.0,2024-10-21
918,723,Performance,4755.0,2025-03-20
919,783,Performance,1296.0,2025-01-17
920,39,Performance,3019.0,2024-08-10
921,421,Holiday,1274.0,2023-06-29
922,864,Performance,689.0,2024-03-18
923,816,Performance,923.0,2025-02-08
924,266,Holiday,4776.0,2025-01-14
925,617,Retention,3532.0,2025-03-12
926,259,Performance,1092.0,2024-10-06
927,821,Performance,2952.0,2024-08-08
928,272,Retention,4808.0,2024-12-10
929,53,Holiday,4803.0,2024-08-12
930,137,Performance,3017.0,2024-09-04
931,732,Performance,1481.0,2025-03-26
932,657,Performance,1603.0,2024-07-17
933,59,Holiday,1047.0,2025-02-24
934,348,Performance,3363.0,2024-04-14
935,706,Holiday,954.0,2023-10-11
936,916,Holiday,1130.0,2025-04-26
937,282,Retention,3680.0,2024-06-28
938,265,Holiday,1330.0,2023-08-10
939,870,Retention,3552.0,2025-02-28
940,358,Holiday,3473.0,2024-10-16
941,396,Retention,2261.0,2023-12-07
942,711,Performance,4035.0,2024-10-23
943,467,Holiday,4329.0,2024-04-13
944,883,Holiday,4599.0,2024-09-19
945,814,Retention,3221.0,2024-01-23
946,895,Retention,997.0,2023-11-11
947,871,Performance,1546.0,2024-05-19
948,145,Retention,993.0,2025-01-05
949,561,Retention,4094.0,2024-06-30
950,850,Holiday,3936.0,2023-07-18
951,222,Retention,2464.0,2024-11-14
952,776,Holiday,3111.0,2024-06-17
953,305,Retention,1710.0,2024-07-11
954,502,Retention,2812.0,2023-09-02
955,329,Performance,1325.0,2024-10-24
956,981,Holiday,1450.0,2023-07-13
957,35,Performance,2603.0,2024-08-01
958,584,Retention,1713.0,2024-09-17
959,703,Performance,737.0,2024-03-22
960,775,Retention,1992.0,2025-01-26
961,860,Performance,1378.0,2024-12-18
962,44,Holiday,3559.0,2023-10-26
963,44,Performance,2781.0,2025-03-01
964,274,Retention,3672.0,2024-03-07
965,50,Performance,3624.0,2024-03-07
966,822,Holiday,1153.0,2025-02-15
967,577,Holiday,1107.0,2025-04-12
968,480,Performance,2472.0,2024-06-18
969,863,Holiday,2631.0,2024-04-04
970,832,Holiday,4302.0,2023-10-01
971,119,Holiday,1991.0,2025-03-01
972,333,Retention,3690.0,2025-02-20
973,205,Holiday,3543.0,2024-04-28
974,42,Holiday,2070.0,2024-05-11
975,532,Holiday,1004.0,2025-05-07
976,101,Performance,2649.0,2023-10-16
977,86,Holiday,4813.0,2023-08-05
978,926,Holiday,3733.0,2025-02-16
979,796,Performance,4984.0,2025-05-14
980,538,Performance,681.0,2024-05-04
981,923,Retention,4474.0,2024-02-26
982,32,Holiday,4957.0,2023-08-07
983,821,Performance,2228.0,2025-01-13
984,787,Performance,1188.0,2024-12-28
985,640,Retention,4342.0,2024-11-18
986,239,Holiday,3492.0,2024-09-23
987,286,Holiday,4616.0,2024-07-17
988,883,Performance,4328.0,2024-11-05
989,184,Holiday,1256.0,2024-12-03
990,766,Performance,4630.0,2024-11-16
991,162,Holiday,1489.0,2024-06-28
992,512,Retention,4504.0,2024-10-29
993,97,Retention,1032.0,2024-08-23
994,690,Retention,3360.0,2024-06-08
995,270,Performance,1785.0,2023-10-11
996,998,Performance,2935.0,2025-03-29
997,244,Retention,841.0,2023-09-11
998,743,Holiday,4867.0,2023-10-20
999,126,Retention,3557.0,2025-03-11
1000,656,Performance,1921.0,2024-05-03
1001,354,Retention,4786.0,2023-09-21
1002,364,Holiday,3555.0,2025-03-13
1003,3,Retention,1873.0,2024-03-22
1004,810,Holiday,2051.0,2024-09-26
1005,41,Retention,3023.0,2023-12-13
1006,728,Retention,1956.0,2023-07-03
1007,176,Performance,593.0,2024-04-08
1008,230,Performance,1067.0,2023-07-13
1009,84,Retention,4267.0,2023-09-12
1010,487,Retention,1370.0,2024-07-16
1011,591,Retention,1186.0,2024-12-21
1012,578,Holiday,4003.0,2024-08-09
1013,592,Retention,2004.0,2024-04-03
1014,671,Performance,2095.0,2025-01-27
1015,596,Retention,3644.0,2024-07-21
1016,567,Performance,566.0,2024-03-23
1017,629,Retention,4217.0,2023-07-28
1018,466,Holiday,3409.0,2025-05-23
1019,904,Retention,3637.0,2025-02-28
1020,92,Performance,4883.0,2024-08-17
1021,803,Performance,3075.0,2025-05-29
1022,88,Performance,3146.0,2025-04-14
1023,651,Holiday,2584.0,2025-04-11
1024,179,Performance,3491.0,2024-05-17
1025,39,Retention,3997.0,2024-01-22
1026,725,Performance,4003.0,2024-04-02
1027,182,Retention,3339.0,2024-09-28
1028,262,Retention,1968.0,2025-06-19
1029,521,Performance,2533.0,2025-05-24
1030,26,Performance,2385.0,2025-04-16
1031,854,Retention,2122.0,2025-05-16
1032,449,Performance,3374.0,2025-05-16
1033,405,Holiday,652.0,2025-04-23
1034,594,Performance,4854.0,2024-05-25
1035,73,Retention,2596.0,2025-05-08
1036,285,Performance,1727.0,2023-09-08
1037,480,Holiday,4150.0,2025-01-08
1038,9,Performance,1624.0,2023-09-05
1039,71,Retention,2211.0,2025-06-18
1040,81,Performance,968.0,2023-10-25
1041,112,Performance,2375.0,2025-06-09
1042,45,Holiday,1085.0,2024-03-20
1043,455,Holiday,1370.0,2025-04-22
1044,286,Performance,1606.0,2024-10-08
1045,968,Holiday,3681.0,2024-03-19
1046,34,Performance,3470.0,2024-05-13
1047,220,Retention,4490.0,2023-09-21
1048,799,Retention,4307.0,2024-05-23
1049,288,Retention,2112.0,2023-09-22
1050,108,Performance,1216.0,2024-08-28
1051,320,Holiday,4784.0,2024-11-11
1052,872,Holiday,4310.0,2024-12-03
1053,584,Holiday,2084.0,2023-08-19
1054,308,Holiday,4802.0,2025-05-15
1055,611,Holiday,4861.0,2025-03-06
1056,525,Performance,2414.0,2024-02-13
1057,470,Holiday,3922.0,2025-03-13
1058,930,Retention,2885.0,2024-12-07
1059,279,Retention,2785.0,2024-10-26
1060,666,Performance,539.0,2025-05-30
1061,314,Performance,3066.0,2023-11-03
1062,348,Holiday,2548.0,2025-03-01
1063,195,Retention,2339.0,2024-08-08
1064,701,Performance,3936.0,2025-04-02
1065,956,Retention,3055.0,2024-04-21
1066,45,Performance,4794.0,2023-10-20
1067,19,Performance,3448.0,2024-05-09
1068,431,Performance,1094.0,2023-12-19
1069,389,Performance,1529.0,2024-02-02
1070,870,Retention,2156.0,2023-11-07
1071,286,Retention,3926.0,2023-09-26
1072,785,Retention,4470.0,2024-07-29
1073,447,Retention,2161.0,2024-12-09
1074,783,Performance,913.0,2024-02-14
1075,825,Retention,3107.0,2024-10-06
1076,603,Holiday,620.0,2024-07-22
1077,843,Retention,4402.0,2024-12-06
1078,905,Holiday,2825.0,2023-07-18
1079,623,Performance,4373.0,2025-02-19
1080,718,Retention,1794.0,2024-05-03
1081,228,Retention,3488.0,2025-05-20
1082,914,Retention,1984.0,2024-05-21
1083,91,Retention,3172.0,2023-09-18
1084,567,Retention,3291.0,2025-06-10
1085,394,Holiday,4260.0,2025-04-13
1086,371,Performance,1228.0,2025-03-01
1087,72,Holiday,2746.0,2025-02-23
1088,204,Retention,4842.0,2023-12-19
1089,912,Holiday,4469.0,2023-10-25
1090,518,Retention,2928.0,2024-03-20
1091,534,Retention,2183.0,2023-08-27
1092,446,Performance,2286.0,2025-06-08
1093,469,Retention,798.0,2023-10-11
1094,230,Performance,3467.0,2023-12-23
1095,336,Holiday,3812.0,2025-05-06
1096,331,Performance,4310.0,2024-07-11
1097,1000,Performance,1243.0,2025-05-25
1098,995,Performance,4938.0,2024-03-09
1099,215,Holiday,2407.0,2025-02-12
1100,256,Performance,4904.0,2024-08-29
1101,835,Holiday,1159.0,2024-06-02
1102,231,Performance,4242.0,2024-01-30
1103,96,Performance,3257.0,2024-06-09
1104,643,Holiday,4815.0,2024-02-03
1105,31,Retention,1590.0,2024-06-09
1106,762,Performance,1994.0,2023-07-09
1107,76,Retention,974.0,2023-07-06
1108,241,Holiday,4240.0,2023-08-29
1109,772,Retention,3828.0,2024-07-05
1110,703,Holiday,2794.0,2024-01-16
1111,191,Retention,3007.0,2024-11-22
1112,482,Holiday,4542.0,2025-05-09
1113,885,Retention,2078.0,2024-09-09
1114,320,Retention,4770.0,2024-02-02
1115,580,Retention,1814.0,2024-05-26
1116,640,Performance,1969.0,2024-10-01
1117,286,Performance,4081.0,2023-09-03
1118,362,Retention,4371.0,2024-11-28
1119,448,Retention,1361.0,2024-04-02
1120,417,Holiday,1955.0,2023-12-28
1121,404,Performance,635.0,2024-10-26
1122,270,Retention,3228.0,2023-12-15
1123,182,Retention,3037.0,2024-04-30
1124,594,Retention,4216.0,2024-02-01
1125,903,Retention,3319.0,2024-05-25
1126,342,Retention,4861.0,2024-03-19
1127,425,Retention,3780.0,2024-09-27
1128,86,Performance,1777.0,2024-03-11
1129,727,Performance,1422.0,2023-08-09
1130,747,Retention,4803.0,2024-06-05
1131,693,Holiday,2539.0,2024-06-02
1132,67,Holiday,4557.0,2024-11-06
1133,12,Retention,2902.0,2023-11-13
1134,167,Performance,4551.0,2024-02-28
1135,546,Performance,1729.0,2024-01-03
1136,411,Holiday,2359.0,2025-01-21
1137,718,Holiday,3530.0,2024-01-14
1138,580,Holiday,3037.0,2025-04-08
1139,521,Performance,850.0,2025-03-09
1140,11,Holiday,1477.0,2024-03-04
1141,191,Retention,2710.0,2024-12-02
1142,789,Performance,2653.0,2024-04-27
1143,34,Holiday,3906.0,2024-10-26
1144,4,Performance,3978.0,2024-03-24
1145,541,Holiday,2119.0,2025-06-18
1146,680,Performance,3013.0,2025-06-04
1147,971,Performance,1101.0,2024-01-06
1148,377,Holiday,4832.0,2025-06-18
1149,53,Holiday,2389.0,2025-04-04
1150,293,Retention,3621.0,2024-01-13
1151,7,Holiday,3104.0,2024-06-24
1152,747,Performance,1295.0,2024-08-05
1153,731,Performance,3574.0,2025-05-30
1154,940,Retention,1525.0,2024-11-20
1155,642,Retention,2869.0,2024-06-29
1156,4,Holiday,2982.0,2024-10-16
1157,611,Retention,4242.0,2024-12-10
1158,190,Performance,2753.0,2025-02-04
1159,619,Retention,4794.0,2025-06-08
1160,147,Retention,4437.0,2024-03-12
1161,305,Performance,1414.0,2024-05-14
1162,575,Performance,4025.0,2025-05-06
1163,605,Retention,3854.0,2023-09-13
1164,587,Performance,3656.0,2025-04-23
1165,651,Holiday,1018.0,2025-01-12
1166,361,Retention,2238.0,2025-02-22
1167,563,Retention,3385.0,2025-05-21
1168,160,Holiday,4406.0,2024-12-21
1169,217,Performance,4336.0,2025-04-17
1170,874,Retention,2634.0,2023-07-06
1171,974,Holiday,2515.0,2023-07-07
1172,310,Holiday,1910.0,2024-02-21
1173,56,Performance,1889.0,2025-04-01
1174,583,Performance,3263.0,2025-06-23
1175,928,Retention,2378.0,2023-12-19
1176,319,Performance,4183.0,2023-12-09
1177,594,Performance,3313.0,2024-10-16
1178,588,Performance,4922.0,2024-09-02
1179,524,Retention,1717.0,2023-10-15
1180,434,Retention,2149.0,2025-04-09
1181,465,Retention,3862.0,2023-11-09
1182,195,Holiday,3070.0,2023-09-06
1183,625,Holiday,3718.0,2024-07-05
1184,927,Retention,2425.0,2024-07-28
1185,787,Holiday,3094.0,2024-03-15
1186,59,Performance,1927.0,2024-05-08
1187,786,Performance,3816.0,2024-10-07
1188,990,Holiday,2440.0,2024-04-04
1189,829,Performance,3893.0,2024-03-26
1190,740,Retention,1106.0,2024-04-08
1191,625,Holiday,3010.0,2024-06-26
1192,185,Retention,1142.0,2024-06-14
1193,478,Holiday,3869.0,2024-02-14
1194,677,Holiday,3301.0,2025-01-07
1195,106,Retention,733.0,2024-04-05
1196,539,Retention,4646.0,2023-07-20
1197,459,Holiday,866.0,2024-05-10
1198,94,Performance,1608.0,2023-07-13
1199,986,Retention,1060.0,2023-07-25
1200,387,Holiday,2806.0,2024-07-16
1201,149,Holiday,4593.0,2024-03-02
1202,504,Holiday,3572.0,2023-12-09
1203,828,Holiday,3296.0,2024-08-22
1204,363,Retention,1792.0,2024-11-14
1205,403,Performance,4644.0,2024-07-25
1206,481,Holiday,4434.0,2024-11-25
1207,67,Retention,1062.0,2023-10-04
1208,243,Retention,1068.0,2025-06-23
1209,950,Holiday,2792.0,2024-05-09
1210,898,Performance,2109.0,2024-04-24
1211,667,Retention,3858.0,2025-03-18
1212,79,Retention,3608.0,2023-10-20
1213,547,Performance,2090.0,2024-04-25
1214,333,Performance,996.0,2024-11-29
1215,956,Retention,1267.0,2024-11-15
1216,708,Holiday,4749.0,2024-02-15
1217,811,Performance,3457.0,2023-10-20
1218,81,Retention,1808.0,2023-10-08
1219,86,Holiday,4090.0,2023-11-18
1220,996,Performance,4815.0,2023-10-18
1221,619,Performance,1860.0,2024-10-02
1222,884,Retention,500.0,2025-04-06
1223,218,Holiday,1290.0,2023-11-22
1224,686,Holiday,1883.0,2024-04-28
1225,910,Holiday,2477.0,2024-10-19
1226,44,Retention,3789.0,2025-04-09
1227,675,Retention,3602.0,2025-01-10
1228,102,Performance,3575.0,2024-08-13
1229,922,Retention,4846.0,2024-08-04
1230,845,Retention,1384.0,2023-07-05
1231,63,Retention,4849.0,2025-03-29
1232,470,Retention,1157.0,2025-02-03
1233,365,Performance,4068.0,2023-09-15
1234,753,Retention,2722.0,2024-01-22
1235,526,Retention,878.0,2024-06-26
1236,917,Performance,1606.0,2024-05-06
1237,389,Retention,2264.0,2024-11-04
1238,865,Retention,4125.0,2024-02-02
1239,923,Performance,3146.0,2023-12-26
1240,295,Holiday,873.0,2023-10-26
1241,17,Performance,2382.0,2023-10-13
1242,601,Retention,1317.0,2024-11-07
1243,440,Performance,3251.0,2024-11-17
1244,111,Holiday,2779.0,2025-01-14
1245,341,Holiday,683.0,2025-03-18
1246,571,Holiday,3233.0,2023-07-27
1247,515,Holiday,3289.0,2024-04-08
1248,89,Retention,1586.0,2024-04-09
1249,939,Performance,2790.0,2024-02-19
1250,322,Performance,3945.0,2025-01-17
1251,927,Holiday,1333.0,2024-01-07
1252,761,Holiday,3581.0,2025-04-04
1253,157,Retention,3538.0,2025-02-23
1254,520,Performance,4542.0,2023-08-13
1255,401,Performance,1886.0,2023-07-03
1256,337,Retention,4547.0,2024-02-22
1257,591,Holiday,1234.0,2023-09-18
1258,987,Performance,2459.0,2023-07-20
1259,948,Retention,3120.0,2024-12-07
1260,230,Performance,2446.0,2023-08-08
1261,535,Performance,4709.0,2023-12-04
1262,103,Performance,3178.0,2023-09-30
1263,482,Retention,654.0,2023-12-14
1264,602,Performance,1860.0,2024-05-01
1265,509,Retention,1520.0,2023-08-28
1266,600,Holiday,4874.0,2024-01-19
1267,76,Holiday,2394.0,2025-06-14
1268,528,Performance,798.0,2024-10-17
1269,759,Performance,1020.0,2024-08-31
1270,210,Holiday,1804.0,2025-06-01
1271,163,Retention,1319.0,2023-10-15
1272,129,Retention,1389.0,2025-05-10
1273,897,Performance,2806.0,2025-04-09
1274,785,Retention,2943.0,2025-05-15
1275,224,Retention,2146.0,2024-05-05
1276,634,Performance,1532.0,2025-02-08
1277,325,Performance,1474.0,2023-07-23
1278,887,Holiday,1053.0,2025-02-27
1279,164,Retention,1851.0,2024-07-20
1280,527,Retention,4987.0,2023-12-06
1281,75,Retention,2521.0,2023-11-02
1282,154,Performance,2913.0,2024-06-28
1283,820,Retention,3360.0,2023-06-25
1284,648,Retention,2127.0,2023-10-12
1285,749,Retention,740.0,2024-03-15
1286,328,Retention,4077.0,2024-03-10
1287,973,Holiday,2928.0,2024-12-07
1288,509,Holiday,4208.0,2024-05-28
1289,397,Performance,1181.0,2024-03-06
1290,144,Retention,1440.0,2024-12-07
1291,241,Performance,4847.0,2024-12-10
1292,713,Retention,1420.0,2024-11-03
1293,94,Holiday,3515.0,2025-03-14
1294,107,Holiday,4405.0,2024-06-12
1295,624,Holiday,4372.0,2025-01-14
1296,214,Retention,4850.0,2024-03-02
1297,923,Performance,3723.0,2024-11-10
1298,464,Performance,2977.0,2024-12-31
1299,506,Retention,4606.0,2024-03-08
1300,476,Holiday,787.0,2024-12-10
1301,400,Performance,652.0,2025-03-26
1302,815,Holiday,4687.0,2024-07-23
1303,173,Retention,3602.0,2023-07-04
1304,434,Holiday,2836.0,2025-06-12
1305,964,Performance,2923.0,2025-05-24
1306,285,Performance,3873.0,2024-08-24
1307,376,Holiday,4307.0,2024-09-20
1308,481,Performance,4590.0,2024-08-02
1309,177,Holiday,2897.0,2023-11-18
1310,78,Holiday,3205.0,2023-12-24
1311,156,Retention,4909.0,2024-04-17
1312,779,Performance,2768.0,2023-11-04
1313,871,Performance,2772.0,2023-10-02
1314,168,Holiday,2526.0,2024-04-26
1315,462,Holiday,2584.0,2023-07-22
1316,107,Holiday,3248.0,2023-07-30
1317,31,Performance,742.0,2025-02-11
1318,988,Retention,4384.0,2024-09-05
1319,346,Performance,3781.0,2024-05-04
1320,948,Performance,880.0,2024-01-06
1321,55,Performance,1260.0,2024-06-17
1322,738,Holiday,3307.0,2023-12-25
1323,52,Holiday,4861.0,2024-12-03
1324,56,Retention,3061.0,2023-08-01
1325,246,Retention,3688.0,2024-05-07
1326,941,Performance,3452.0,2024-05-08
1327,529,Retention,4856.0,2024-06-02
1328,859,Performance,2700.0,2023-08-07
1329,717,Retention,1035.0,2024-04-19
1330,363,Holiday,4812.0,2023-12-06
1331,73,Retention,4241.0,2024-05-05
1332,912,Performance,3290.0,2024-05-14
1333,755,Performance,3945.0,2025-01-05
1334,945,Retention,3775.0,2023-07-09
1335,884,Holiday,1523.0,2024-07-08
1336,866,Holiday,4243.0,2023-12-12
1337,865,Holiday,4190.0,2023-10-02
1338,573,Retention,2436.0,2024-11-06
1339,928,Retention,754.0,2025-05-06
1340,448,Holiday,4240.0,2024-11-09
1341,371,Holiday,2580.0,2023-08-24
1342,248,Holiday,566.0,2025-05-02
1343,275,Holiday,2341.0,2025-02-18
1344,982,Performance,3099.0,2023-08-19
1345,158,Retention,3936.0,2025-01-18
1346,321,Performance,1034.0,2023-08-16
1347,454,Holiday,3881.0,2024-03-26
1348,490,Performance,2731.0,2023-08-17
1349,774,Retention,2204.0,2025-01-10
1350,7,Performance,3006.0,2023-07-26
1351,856,Performance,2965.0,2023-08-24
1352,738,Performance,4829.0,2024-09-01
1353,157,Retention,4450.0,2023-11-14
1354,523,Holiday,2275.0,2024-02-21
1355,608,Retention,699.0,2023-10-14
1356,136,Holiday,511.0,2024-06-26
1357,572,Performance,2423.0,2023-12-27
1358,811,Retention,798.0,2023-12-01
1359,601,Retention,4046.0,2024-11-27
1360,699,Retention,1031.0,2023-12-17
1361,338,Retention,3693.0,2024-03-01
1362,67,Holiday,1750.0,2024-10-06
1363,137,Retention,765.0,2024-12-06
1364,418,Retention,4015.0,2024-03-31
1365,899,Retention,4674.0,2024-12-27
1366,659,Performance,679.0,2023-08-20
1367,153,Retention,4206.0,2025-06-18
1368,245,Holiday,697.0,2024-01-06
1369,864,Retention,3227.0,2025-02-09
1370,365,Holiday,4775.0,2024-10-24
1371,625,Retention,2500.0,2024-09-08
1372,339,Holiday,1942.0,2024-07-19
1373,94,Retention,842.0,2024-07-13
1374,695,Holiday,4608.0,2023-09-19
1375,799,Retention,2279.0,2023-09-26
1376,469,Holiday,4988.0,2023-09-28
1377,574,Performance,702.0,2024-04-23
1378,541,Retention,2998.0,2024-01-02
1379,182,Performance,3916.0,2025-04-06
1380,461,Holiday,1073.0,2024-02-19
1381,886,Performance,3007.0,2024-07-29
1382,140,Performance,2151.0,2023-11-13
1383,629,Holiday,1795.0,2024-01-26
1384,46,Retention,2559.0,2024-06-25
1385,133,Holiday,2163.0,2024-05-21
1386,729,Performance,1085.0,2023-12-04
1387,441,Retention,513.0,2024-12-27
1388,746,Holiday,518.0,2024-07-13
1389,547,Holiday,3114.0,2024-09-08
1390,1000,Performance,4572.0,2024-11-22
1391,310,Retention,3798.0,2025-06-19
1392,388,Retention,4177.0,2025-03-12
1393,94,Retention,906.0,2024-05-30
1394,757,Retention,2639.0,2024-04-15
1395,720,Retention,565.0,2025-06-19
1396,597,Holiday,2469.0,2023-06-26
1397,734,Retention,4221.0,2025-03-10
1398,884,Retention,2452.0,2023-10-14
1399,685,Holiday,3021.0,2024-04-02
1400,993,Holiday,2310.0,2024-08-29
1401,745,Retention,1170.0,2024-10-11
1402,60,Performance,3284.0,2024-01-27
1403,216,Performance,2111.0,2025-04-15
1404,773,Holiday,4566.0,2025-03-21
1405,50,Performance,612.0,2025-02-11
1406,312,Performance,1577.0,2023-09-10
1407,374,Retention,1167.0,2023-12-13
1408,789,Performance,3191.0,2023-07-08
1409,666,Retention,3328.0,2024-01-05
1410,689,Retention,1122.0,2023-11-12
1411,79,Retention,2220.0,2024-10-17
1412,701,Performance,4064.0,2024-09-10
1413,147,Performance,2812.0,2024-02-16
1414,11,Holiday,1207.0,2023-11-04
1415,433,Retention,4623.0,2023-11-23
1416,18,Holiday,1989.0,2024-03-27
1417,233,Holiday,843.0,2025-06-20
1418,381,Performance,4930.0,2024-01-28
1419,105,Performance,3282.0,2025-05-21
1420,503,Holiday,530.0,2023-07-24
1421,150,Performance,2941.0,2023-08-27
1422,555,Retention,3482.0,2025-04-05
1423,515,Retention,2627.0,2024-12-14
1424,910,Performance,3535.0,2025-01-10
1425,12,Retention,4222.0,2025-04-05
1426,567,Holiday,1133.0,2025-05-30
1427,774,Holiday,1521.0,2025-03-04
1428,370,Holiday,599.0,2024-06-11
1429,892,Performance,3991.0,2024-07-22
1430,868,Retention,1883.0,2025-01-24
1431,16,Retention,3220.0,2023-08-07
1432,469,Holiday,4982.0,2023-07-04
1433,685,Retention,2552.0,2023-08-30
1434,185,Retention,795.0,2025-02-03
1435,999,Performance,3548.0,2024-08-17
1436,987,Performance,3376.0,2023-07-03
1437,199,Retention,3052.0,2023-12-12
1438,192,Retention,1381.0,2025-05-30
1439,824,Retention,3179.0,2023-10-05
1440,167,Retention,1724.0,2024-09-22
1441,882,Holiday,1733.0,2023-07-14
1442,271,Holiday,2835.0,2024-03-27
1443,852,Retention,4218.0,2024-11-16
1444,856,Holiday,1949.0,2025-06-23
1445,429,Retention,3746.0,2023-11-03
1446,952,Performance,1234.0,2023-06-28
1447,95,Retention,1945.0,2023-09-23
1448,834,Retention,738.0,2024-09-09
1449,400,Holiday,2431.0,2024-04-08
1450,921,Holiday,4389.0,2023-09-23
1451,742,Performance,627.0,2025-04-08
1452,331,Holiday,2259.0,2024-08-25
1453,19,Retention,3864.0,2025-03-10
1454,564,Retention,716.0,2023-10-02
1455,17,Retention,4790.0,2024-10-28
1456,940,Performance,2261.0,2024-08-05
1457,742,Performance,4823.0,2024-08-25
1458,829,Holiday,4383.0,2024-12-25
1459,739,Holiday,919.0,2024-03-10
1460,956,Performance,4570.0,2024-12-05
1461,586,Performance,1877.0,2023-12-22
1462,127,Retention,4815.0,2025-05-11
1463,847,Retention,4270.0,2023-07-26
1464,790,Holiday,825.0,2025-02-14
1465,674,Holiday,3372.0,2025-05-03
1466,357,Holiday,2756.0,2025-05-29
1467,389,Holiday,2518.0,2025-03-25
1468,924,Holiday,2511.0,2024-11-03
1469,611,Holiday,4855.0,2025-01-19
1470,759,Retention,3872.0,2023-07-16
1471,392,Performance,1493.0,2024-02-10
1472,90,Retention,624.0,2024-07-08
1473,55,Retention,2211.0,2024-06-25
1474,639,Retention,2989.0,2023-08-07
1475,119,Retention,2439.0,2025-02-07
1476,709,Retention,1935.0,2023-07-24
1477,404,Performance,2906.0,2025-05-08
1478,840,Performance,1496.0,2024-05-19
1479,112,Holiday,4662.0,2024-08-19
1480,719,Retention,729.0,2024-03-29
1481,791,Performance,4444.0,2025-01-10
1482,288,Retention,3210.0,2024-05-07
1483,341,Holiday,3137.0,2025-02-02
1484,152,Retention,4599.0,2024-10-29
1485,352,Performance,919.0,2023-11-07
1486,744,Holiday,4390.0,2023-08-27
1487,982,Holiday,1306.0,2023-11-28
1488,736,Performance,3740.0,2024-07-30
1489,230,Holiday,4746.0,2023-12-09
1490,846,Performance,526.0,2024-07-10
1491,816,Performance,4719.0,2025-06-01
1492,352,Performance,2705.0,2023-11-06
1493,553,Retention,3639.0,2025-04-16
1494,409,Retention,4971.0,2024-08-16
1495,714,Holiday,4403.0,2025-03-21
1496,956,Performance,4233.0,2023-09-19
1497,333,Holiday,2313.0,2023-09-09
1498,960,Performance,1943.0,2025-05-07
1499,113,Retention,542.0,2025-05-12
1500,370,Performance,2676.0,2024-05-28
